"","Material.Type","n","Mean","Median","SE","CI_Lower","CI_Upper","Min","Max"
"1","cloth",9,0.000397435073247887,0.000416,7.78276978611758e-05,0.000217964080146595,0.000576906066349179,0.00010215903524306,0.000739893311123684
"2","concrete",7,0.00348382836970954,0.001623,0.00243995243784461,-0.00248652016668249,0.00945417690610158,1e-04,0.0179722421248948
"3","metal",47,0.00611993149646517,0.002513,0.000911979884251393,0.00428421120115249,0.00795565179177785,1e-04,0.024426088539
"4","plastic",112,0.0092828285726192,0.00200431581278879,0.00176631967107661,0.00578274823004631,0.0127829089151921,1e-05,0.128845660026222
"5","unknown",301,0.00188169091955555,0.000200194295348936,0.000473088143362385,0.000950699337640799,0.00281268250147031,1e-05,0.0845477434046847
"6","wood",49,0.00417328975937144,0.002513,0.000814840876009134,0.0025349423721345,0.00581163714660838,1e-05,0.025977105413368
